"Date(UTC)","UnixTimeStamp","Value"
"7/30/2015","1438214400","0"
"7/31/2015","1438300800","0"
"8/1/2015","1438387200","0"
"8/2/2015","1438473600","0"
"8/3/2015","1438560000","0"
"8/4/2015","1438646400","0"
"8/5/2015","1438732800","0"
"8/6/2015","1438819200","0"
"8/7/2015","1438905600","122980"
"8/8/2015","1438992000","1940277"
"8/9/2015","1439078400","3141325"
"8/10/2015","1439164800","3141511"
"8/11/2015","1439251200","3141521"
"8/12/2015","1439337600","3141555"
"8/13/2015","1439424000","3141552"
"8/14/2015","1439510400","3141575"
"8/15/2015","1439596800","3141584"
"8/16/2015","1439683200","3141581"
"8/17/2015","1439769600","3141589"
"8/18/2015","1439856000","3141585"
"8/19/2015","1439942400","3141611"
"8/20/2015","1440028800","3141608"
"8/21/2015","1440115200","3141620"
"8/22/2015","1440201600","3141669"
"8/23/2015","1440288000","3141828"
"8/24/2015","1440374400","3141762"
"8/25/2015","1440460800","3141658"
"8/26/2015","1440547200","3141656"
"8/27/2015","1440633600","3141738"
"8/28/2015","1440720000","3141816"
"8/29/2015","1440806400","3141640"
"8/30/2015","1440892800","3141760"
"8/31/2015","1440979200","3141670"
"9/1/2015","1441065600","3142022"
"9/2/2015","1441152000","3141705"
"9/3/2015","1441238400","3141915"
"9/4/2015","1441324800","3141831"
"9/5/2015","1441411200","3141859"
"9/6/2015","1441497600","3141785"
"9/7/2015","1441584000","3141753"
"9/8/2015","1441670400","3141945"
"9/9/2015","1441756800","3141686"
"9/10/2015","1441843200","3141856"
"9/11/2015","1441929600","3141709"
"9/12/2015","1442016000","3141607"
"9/13/2015","1442102400","3141606"
"9/14/2015","1442188800","3141838"
"9/15/2015","1442275200","3141800"
"9/16/2015","1442361600","3141820"
"9/17/2015","1442448000","3141794"
"9/18/2015","1442534400","3141637"
"9/19/2015","1442620800","3141615"
"9/20/2015","1442707200","3142039"
"9/21/2015","1442793600","3141982"
"9/22/2015","1442880000","3141713"
"9/23/2015","1442966400","3141858"
"9/24/2015","1443052800","3141870"
"9/25/2015","1443139200","3141685"
"9/26/2015","1443225600","3141649"
"9/27/2015","1443312000","3141739"
"9/28/2015","1443398400","3141657"
"9/29/2015","1443484800","3141780"
"9/30/2015","1443571200","3141889"
"10/1/2015","1443657600","3141822"
"10/2/2015","1443744000","3141782"
"10/3/2015","1443830400","3141755"
"10/4/2015","1443916800","3141756"
"10/5/2015","1444003200","3141678"
"10/6/2015","1444089600","3141827"
"10/7/2015","1444176000","3141680"
"10/8/2015","1444262400","3141709"
"10/9/2015","1444348800","3141695"
"10/10/2015","1444435200","3141792"
"10/11/2015","1444521600","3141731"
"10/12/2015","1444608000","3141695"
"10/13/2015","1444694400","3141683"
"10/14/2015","1444780800","3141697"
"10/15/2015","1444867200","3141699"
"10/16/2015","1444953600","3141670"
"10/17/2015","1445040000","3141653"
"10/18/2015","1445126400","3141624"
"10/19/2015","1445212800","3141665"
"10/20/2015","1445299200","3141727"
"10/21/2015","1445385600","3141707"
"10/22/2015","1445472000","3141732"
"10/23/2015","1445558400","3141638"
"10/24/2015","1445644800","3141626"
"10/25/2015","1445731200","3141631"
"10/26/2015","1445817600","3141613"
"10/27/2015","1445904000","3141603"
"10/28/2015","1445990400","3141629"
"10/29/2015","1446076800","3141634"
"10/30/2015","1446163200","3141598"
"10/31/2015","1446249600","3141633"
"11/1/2015","1446336000","3141603"
"11/2/2015","1446422400","3141654"
"11/3/2015","1446508800","3141601"
"11/4/2015","1446595200","3141728"
"11/5/2015","1446681600","3141619"
"11/6/2015","1446768000","3141598"
"11/7/2015","1446854400","3141648"
"11/8/2015","1446940800","3141634"
"11/9/2015","1447027200","3141601"
"11/10/2015","1447113600","3141605"
"11/11/2015","1447200000","3141604"
"11/12/2015","1447286400","3141977"
"11/13/2015","1447372800","3141601"
"11/14/2015","1447459200","3141660"
"11/15/2015","1447545600","3141650"
"11/16/2015","1447632000","3141691"
"11/17/2015","1447718400","3141628"
"11/18/2015","1447804800","3141600"
"11/19/2015","1447891200","3141601"
"11/20/2015","1447977600","3141629"
"11/21/2015","1448064000","3141598"
"11/22/2015","1448150400","3141599"
"11/23/2015","1448236800","3141623"
"11/24/2015","1448323200","3141597"
"11/25/2015","1448409600","3141605"
"11/26/2015","1448496000","3141604"
"11/27/2015","1448582400","3141597"
"11/28/2015","1448668800","3141615"
"11/29/2015","1448755200","3141597"
"11/30/2015","1448841600","3141791"
"12/1/2015","1448928000","3141605"
"12/2/2015","1449014400","3141635"
"12/3/2015","1449100800","3141598"
"12/4/2015","1449187200","3141596"
"12/5/2015","1449273600","3141598"
"12/6/2015","1449360000","3141608"
"12/7/2015","1449446400","3141601"
"12/8/2015","1449532800","3141598"
"12/9/2015","1449619200","3141606"
"12/10/2015","1449705600","3141594"
"12/11/2015","1449792000","3141605"
"12/12/2015","1449878400","3141646"
"12/13/2015","1449964800","3141609"
"12/14/2015","1450051200","3141665"
"12/15/2015","1450137600","3185202"
"12/16/2015","1450224000","3141637"
"12/17/2015","1450310400","3141623"
"12/18/2015","1450396800","3141645"
"12/19/2015","1450483200","3141624"
"12/20/2015","1450569600","3141680"
"12/21/2015","1450656000","3141615"
"12/22/2015","1450742400","3142834"
"12/23/2015","1450828800","3172096"
"12/24/2015","1450915200","3141625"
"12/25/2015","1451001600","3141620"
"12/26/2015","1451088000","3141622"
"12/27/2015","1451174400","3236740"
"12/28/2015","1451260800","3141597"
"12/29/2015","1451347200","3141598"
"12/30/2015","1451433600","3160925"
"12/31/2015","1451520000","3141595"
"1/1/2016","1451606400","3141603"
"1/2/2016","1451692800","3141599"
"1/3/2016","1451779200","3141597"
"1/4/2016","1451865600","3141599"
"1/5/2016","1451952000","3164299"
"1/6/2016","1452038400","3153939"
"1/7/2016","1452124800","3146103"
"1/8/2016","1452211200","3141612"
"1/9/2016","1452297600","3141674"
"1/10/2016","1452384000","3141631"
"1/11/2016","1452470400","3141626"
"1/12/2016","1452556800","3141755"
"1/13/2016","1452643200","3174885"
"1/14/2016","1452729600","3141660"
"1/15/2016","1452816000","3141784"
"1/16/2016","1452902400","3141697"
"1/17/2016","1452988800","3141705"
"1/18/2016","1453075200","3141706"
"1/19/2016","1453161600","3142004"
"1/20/2016","1453248000","3141623"
"1/21/2016","1453334400","3141658"
"1/22/2016","1453420800","3146193"
"1/23/2016","1453507200","3141776"
"1/24/2016","1453593600","3141605"
"1/25/2016","1453680000","3141736"
"1/26/2016","1453766400","3141650"
"1/27/2016","1453852800","3141823"
"1/28/2016","1453939200","3141716"
"1/29/2016","1454025600","3141700"
"1/30/2016","1454112000","3141702"
"1/31/2016","1454198400","3141694"
"2/1/2016","1454284800","3141687"
"2/2/2016","1454371200","3141681"
"2/3/2016","1454457600","3141616"
"2/4/2016","1454544000","3141737"
"2/5/2016","1454630400","3141759"
"2/6/2016","1454716800","3148709"
"2/7/2016","1454803200","3141675"
"2/8/2016","1454889600","3141641"
"2/9/2016","1454976000","3141802"
"2/10/2016","1455062400","3141830"
"2/11/2016","1455148800","3141718"
"2/12/2016","1455235200","3141698"
"2/13/2016","1455321600","3141725"
"2/14/2016","1455408000","3141778"
"2/15/2016","1455494400","3141706"
"2/16/2016","1455580800","3141729"
"2/17/2016","1455667200","3143592"
"2/18/2016","1455753600","3141782"
"2/19/2016","1455840000","3141756"
"2/20/2016","1455926400","3141824"
"2/21/2016","1456012800","3141902"
"2/22/2016","1456099200","3142258"
"2/23/2016","1456185600","3142409"
"2/24/2016","1456272000","3143956"
"2/25/2016","1456358400","3141897"
"2/26/2016","1456444800","3143521"
"2/27/2016","1456531200","3141967"
"2/28/2016","1456617600","3141769"
"2/29/2016","1456704000","3141964"
"3/1/2016","1456790400","3142423"
"3/2/2016","1456876800","3142665"
"3/3/2016","1456963200","3242101"
"3/4/2016","1457049600","4695527"
"3/5/2016","1457136000","4709277"
"3/6/2016","1457222400","4438141"
"3/7/2016","1457308800","3875339"
"3/8/2016","1457395200","4711522"
"3/9/2016","1457481600","4712467"
"3/10/2016","1457568000","4712870"
"3/11/2016","1457654400","4712904"
"3/12/2016","1457740800","4712924"
"3/13/2016","1457827200","4712904"
"3/14/2016","1457913600","4712957"
"3/15/2016","1458000000","4713075"
"3/16/2016","1458086400","4713327"
"3/17/2016","1458172800","4714210"
"3/18/2016","1458259200","4713155"
"3/19/2016","1458345600","4713287"
"3/20/2016","1458432000","4713325"
"3/21/2016","1458518400","4713399"
"3/22/2016","1458604800","4713157"
"3/23/2016","1458691200","4713319"
"3/24/2016","1458777600","4714155"
"3/25/2016","1458864000","4713540"
"3/26/2016","1458950400","4722269"
"3/27/2016","1459036800","4713640"
"3/28/2016","1459123200","4713570"
"3/29/2016","1459209600","4713614"
"3/30/2016","1459296000","4713691"
"3/31/2016","1459382400","4713832"
"4/1/2016","1459468800","4713679"
"4/2/2016","1459555200","4713890"
"4/3/2016","1459641600","4713803"
"4/4/2016","1459728000","4713616"
"4/5/2016","1459814400","4724565"
"4/6/2016","1459900800","4713800"
"4/7/2016","1459987200","4713527"
"4/8/2016","1460073600","4714016"
"4/9/2016","1460160000","4714039"
"4/10/2016","1460246400","4713934"
"4/11/2016","1460332800","4713823"
"4/12/2016","1460419200","4713621"
"4/13/2016","1460505600","4718004"
"4/14/2016","1460592000","4718779"
"4/15/2016","1460678400","4717797"
"4/16/2016","1460764800","4714147"
"4/17/2016","1460851200","4721046"
"4/18/2016","1460937600","4713144"
"4/19/2016","1461024000","4714315"
"4/20/2016","1461110400","4714212"
"4/21/2016","1461196800","4715412"
"4/22/2016","1461283200","4714064"
"4/23/2016","1461369600","4714236"
"4/24/2016","1461456000","4714252"
"4/25/2016","1461542400","4716436"
"4/26/2016","1461628800","4714308"
"4/27/2016","1461715200","4713917"
"4/28/2016","1461801600","4714138"
"4/29/2016","1461888000","4713590"
"4/30/2016","1461974400","4714320"
"5/1/2016","1462060800","4713107"
"5/2/2016","1462147200","4714088"
"5/3/2016","1462233600","4713737"
"5/4/2016","1462320000","4713920"
"5/5/2016","1462406400","4715226"
"5/6/2016","1462492800","4715728"
"5/7/2016","1462579200","4714065"
"5/8/2016","1462665600","4714106"
"5/9/2016","1462752000","4713748"
"5/10/2016","1462838400","4714178"
"5/11/2016","1462924800","4714185"
"5/12/2016","1463011200","4714093"
"5/13/2016","1463097600","4713160"
"5/14/2016","1463184000","4713397"
"5/15/2016","1463270400","4714369"
"5/16/2016","1463356800","4713851"
"5/17/2016","1463443200","4714319"
"5/18/2016","1463529600","4713459"
"5/19/2016","1463616000","4715213"
"5/20/2016","1463702400","4713841"
"5/21/2016","1463788800","4714608"
"5/22/2016","1463875200","4713821"
"5/23/2016","1463961600","4714337"
"5/24/2016","1464048000","4713730"
"5/25/2016","1464134400","4713684"
"5/26/2016","1464220800","4713891"
"5/27/2016","1464307200","4714074"
"5/28/2016","1464393600","4714821"
"5/29/2016","1464480000","4714194"
"5/30/2016","1464566400","4713670"
"5/31/2016","1464652800","4714210"
"6/1/2016","1464739200","4713960"
"6/2/2016","1464825600","4714600"
"6/3/2016","1464912000","4714078"
"6/4/2016","1464998400","4715007"
"6/5/2016","1465084800","4714409"
"6/6/2016","1465171200","4714589"
"6/7/2016","1465257600","4719063"
"6/8/2016","1465344000","4714509"
"6/9/2016","1465430400","4714373"
"6/10/2016","1465516800","4714931"
"6/11/2016","1465603200","4713180"
"6/12/2016","1465689600","4715962"
"6/13/2016","1465776000","4714085"
"6/14/2016","1465862400","4714591"
"6/15/2016","1465948800","4714394"
"6/16/2016","1466035200","4712945"
"6/17/2016","1466121600","4749209"
"6/18/2016","1466208000","4714242"
"6/19/2016","1466294400","4713312"
"6/20/2016","1466380800","4713085"
"6/21/2016","1466467200","4713173"
"6/22/2016","1466553600","4712996"
"6/23/2016","1466640000","4712945"
"6/24/2016","1466726400","4713445"
"6/25/2016","1466812800","4710953"
"6/26/2016","1466899200","4202711"
"6/27/2016","1466985600","3143761"
"6/28/2016","1467072000","3271202"
"6/29/2016","1467158400","4712216"
"6/30/2016","1467244800","4713204"
"7/1/2016","1467331200","4712682"
"7/2/2016","1467417600","4713667"
"7/3/2016","1467504000","4713560"
"7/4/2016","1467590400","4712411"
"7/5/2016","1467676800","4711458"
"7/6/2016","1467763200","4711333"
"7/7/2016","1467849600","4711678"
"7/8/2016","1467936000","4711337"
"7/9/2016","1468022400","4711317"
"7/10/2016","1468108800","4711269"
"7/11/2016","1468195200","4711087"
"7/12/2016","1468281600","4711258"
"7/13/2016","1468368000","4710676"
"7/14/2016","1468454400","4710269"
"7/15/2016","1468540800","4709863"
"7/16/2016","1468627200","4711033"
"7/17/2016","1468713600","4710029"
"7/18/2016","1468800000","4709453"
"7/19/2016","1468886400","4712214"
"7/20/2016","1468972800","4711461"
"7/21/2016","1469059200","4710519"
"7/22/2016","1469145600","4711014"
"7/23/2016","1469232000","4710949"
"7/24/2016","1469318400","4710831"
"7/25/2016","1469404800","4711126"
"7/26/2016","1469491200","4711168"
"7/27/2016","1469577600","4710791"
"7/28/2016","1469664000","4710949"
"7/29/2016","1469750400","4711545"
"7/30/2016","1469836800","4710901"
"7/31/2016","1469923200","4710794"
"8/1/2016","1470009600","4711025"
"8/2/2016","1470096000","4710455"
"8/3/2016","1470182400","4710898"
"8/4/2016","1470268800","4710665"
"8/5/2016","1470355200","4710698"
"8/6/2016","1470441600","4711247"
"8/7/2016","1470528000","4711547"
"8/8/2016","1470614400","4711440"
"8/9/2016","1470700800","4711480"
"8/10/2016","1470787200","4711080"
"8/11/2016","1470873600","4710417"
"8/12/2016","1470960000","4711106"
"8/13/2016","1471046400","4711142"
"8/14/2016","1471132800","4711301"
"8/15/2016","1471219200","4710725"
"8/16/2016","1471305600","4711205"
"8/17/2016","1471392000","4711333"
"8/18/2016","1471478400","4711047"
"8/19/2016","1471564800","4709864"
"8/20/2016","1471651200","4710609"
"8/21/2016","1471737600","4710156"
"8/22/2016","1471824000","4710135"
"8/23/2016","1471910400","4709295"
"8/24/2016","1471996800","4709493"
"8/25/2016","1472083200","4709477"
"8/26/2016","1472169600","4709561"
"8/27/2016","1472256000","4709742"
"8/28/2016","1472342400","4709810"
"8/29/2016","1472428800","4709892"
"8/30/2016","1472515200","4709163"
"8/31/2016","1472601600","4709169"
"9/1/2016","1472688000","4708806"
"9/2/2016","1472774400","4709322"
"9/3/2016","1472860800","4708902"
"9/4/2016","1472947200","4708699"
"9/5/2016","1473033600","4709998"
"9/6/2016","1473120000","4709819"
"9/7/2016","1473206400","4709743"
"9/8/2016","1473292800","4709567"
"9/9/2016","1473379200","4709764"
"9/10/2016","1473465600","4709779"
"9/11/2016","1473552000","4709347"
"9/12/2016","1473638400","4709199"
"9/13/2016","1473724800","4709188"
"9/14/2016","1473811200","4709109"
"9/15/2016","1473897600","4709145"
"9/16/2016","1473984000","4709239"
"9/17/2016","1474070400","4708655"
"9/18/2016","1474156800","4707956"
"9/19/2016","1474243200","4700188"
"9/20/2016","1474329600","4700337"
"9/21/2016","1474416000","4701179"
"9/22/2016","1474502400","4288910"
"9/23/2016","1474588800","1002439"
"9/24/2016","1474675200","1171866"
"9/25/2016","1474761600","1499421"
"9/26/2016","1474848000","1499865"
"9/27/2016","1474934400","1500023"
"9/28/2016","1475020800","1499957"
"9/29/2016","1475107200","1499913"
"9/30/2016","1475193600","1499703"
"10/1/2016","1475280000","1500303"
"10/2/2016","1475366400","1499492"
"10/3/2016","1475452800","1499443"
"10/4/2016","1475539200","1499001"
"10/5/2016","1475625600","1498534"
"10/6/2016","1475712000","1498143"
"10/7/2016","1475798400","1495809"
"10/8/2016","1475884800","1497289"
"10/9/2016","1475971200","1497217"
"10/10/2016","1476057600","1495837"
"10/11/2016","1476144000","1495918"
"10/12/2016","1476230400","1496324"
"10/13/2016","1476316800","1495940"
"10/14/2016","1476403200","1222433"
"10/15/2016","1476489600","500409"
"10/16/2016","1476576000","500401"
"10/17/2016","1476662400","500238"
"10/18/2016","1476748800","777144"
"10/19/2016","1476835200","2846462"
"10/20/2016","1476921600","1657755"
"10/21/2016","1477008000","1203674"
"10/22/2016","1477094400","1294716"
"10/23/2016","1477180800","1997458"
"10/24/2016","1477267200","1999236"
"10/25/2016","1477353600","1999259"
"10/26/2016","1477440000","1999273"
"10/27/2016","1477526400","1999209"
"10/28/2016","1477612800","1999189"
"10/29/2016","1477699200","1999048"
"10/30/2016","1477785600","1999102"
"10/31/2016","1477872000","1999056"
"11/1/2016","1477958400","1999027"
"11/2/2016","1478044800","1998359"
"11/3/2016","1478131200","1998698"
"11/4/2016","1478217600","1998811"
"11/5/2016","1478304000","1998836"
"11/6/2016","1478390400","1998560"
"11/7/2016","1478476800","1998737"
"11/8/2016","1478563200","1998842"
"11/9/2016","1478649600","1998969"
"11/10/2016","1478736000","1998946"
"11/11/2016","1478822400","1998527"
"11/12/2016","1478908800","1999114"
"11/13/2016","1478995200","1998932"
"11/14/2016","1479081600","1998511"
"11/15/2016","1479168000","1998874"
"11/16/2016","1479254400","1998890"
"11/17/2016","1479340800","1998694"
"11/18/2016","1479427200","1997356"
"11/19/2016","1479513600","1996428"
"11/20/2016","1479600000","1997325"
"11/21/2016","1479686400","1997295"
"11/22/2016","1479772800","1997825"
"11/23/2016","1479859200","2034874"
"11/24/2016","1479945600","3224321"
"11/25/2016","1480032000","3299571"
"11/26/2016","1480118400","3299530"
"11/27/2016","1480204800","3299028"
"11/28/2016","1480291200","3299394"
"11/29/2016","1480377600","3299547"
"11/30/2016","1480464000","3293862"
"12/1/2016","1480550400","3292451"
"12/2/2016","1480636800","3291199"
"12/3/2016","1480723200","3290780"
"12/4/2016","1480809600","3291411"
"12/5/2016","1480896000","3926785"
"12/6/2016","1480982400","3997425"
"12/7/2016","1481068800","4001886"
"12/8/2016","1481155200","4006060"
"12/9/2016","1481241600","4005990"
"12/10/2016","1481328000","4005120"
"12/11/2016","1481414400","4005638"
"12/12/2016","1481500800","4012790"
"12/13/2016","1481587200","4008647"
"12/14/2016","1481673600","4010315"
"12/15/2016","1481760000","4009752"
"12/16/2016","1481846400","4010738"
"12/17/2016","1481932800","4007103"
"12/18/2016","1482019200","4004408"
"12/19/2016","1482105600","4004278"
"12/20/2016","1482192000","4008755"
"12/21/2016","1482278400","4006388"
"12/22/2016","1482364800","4005071"
"12/23/2016","1482451200","4005530"
"12/24/2016","1482537600","4005314"
"12/25/2016","1482624000","4005173"
"12/26/2016","1482710400","4004528"
"12/27/2016","1482796800","4002387"
"12/28/2016","1482883200","4003240"
"12/29/2016","1482969600","4002971"
"12/30/2016","1483056000","4003148"
"12/31/2016","1483142400","4005641"
"1/1/2017","1483228800","4004494"
"1/2/2017","1483315200","4005192"
"1/3/2017","1483401600","4004606"
"1/4/2017","1483488000","4004246"
"1/5/2017","1483574400","4004576"
"1/6/2017","1483660800","4005286"
"1/7/2017","1483747200","4004812"
"1/8/2017","1483833600","4005788"
"1/9/2017","1483920000","4006987"
"1/10/2017","1484006400","4003798"
"1/11/2017","1484092800","4004492"
"1/12/2017","1484179200","4007178"
"1/13/2017","1484265600","4007972"
"1/14/2017","1484352000","4005799"
"1/15/2017","1484438400","4005652"
"1/16/2017","1484524800","4006416"
"1/17/2017","1484611200","4005926"
"1/18/2017","1484697600","4006634"
"1/19/2017","1484784000","4006932"
"1/20/2017","1484870400","4005670"
"1/21/2017","1484956800","4006350"
"1/22/2017","1485043200","4008101"
"1/23/2017","1485129600","4007046"
"1/24/2017","1485216000","4006384"
"1/25/2017","1485302400","4005629"
"1/26/2017","1485388800","4005536"
"1/27/2017","1485475200","4004172"
"1/28/2017","1485561600","4004703"
"1/29/2017","1485648000","4004799"
"1/30/2017","1485734400","4004426"
"1/31/2017","1485820800","4005092"
"2/1/2017","1485907200","4004053"
"2/2/2017","1485993600","4003996"
"2/3/2017","1486080000","4005129"
"2/4/2017","1486166400","4005458"
"2/5/2017","1486252800","4004770"
"2/6/2017","1486339200","4006549"
"2/7/2017","1486425600","4006191"
"2/8/2017","1486512000","4007044"
"2/9/2017","1486598400","4006817"
"2/10/2017","1486684800","4006488"
"2/11/2017","1486771200","4006035"
"2/12/2017","1486857600","4006386"
"2/13/2017","1486944000","4007567"
"2/14/2017","1487030400","4006644"
"2/15/2017","1487116800","4008972"
"2/16/2017","1487203200","4009688"
"2/17/2017","1487289600","4006606"
"2/18/2017","1487376000","4006562"
"2/19/2017","1487462400","4006797"
"2/20/2017","1487548800","4006821"
"2/21/2017","1487635200","4007765"
"2/22/2017","1487721600","4009128"
"2/23/2017","1487808000","4009303"
"2/24/2017","1487894400","4010814"
"2/25/2017","1487980800","4009354"
"2/26/2017","1488067200","4012114"
"2/27/2017","1488153600","4022567"
"2/28/2017","1488240000","4032516"
"3/1/2017","1488326400","4019383"
"3/2/2017","1488412800","4020666"
"3/3/2017","1488499200","4017598"
"3/4/2017","1488585600","4012281"
"3/5/2017","1488672000","4008611"
"3/6/2017","1488758400","4010710"
"3/7/2017","1488844800","4006006"
"3/8/2017","1488931200","4007589"
"3/9/2017","1489017600","4013111"
"3/10/2017","1489104000","4009374"
"3/11/2017","1489190400","4010983"
"3/12/2017","1489276800","4008825"
"3/13/2017","1489363200","4013572"
"3/14/2017","1489449600","4010738"
"3/15/2017","1489536000","4014215"
"3/16/2017","1489622400","4024249"
"3/17/2017","1489708800","4039328"
"3/18/2017","1489795200","4043895"
"3/19/2017","1489881600","4063474"
"3/20/2017","1489968000","4094927"
"3/21/2017","1490054400","4083835"
"3/22/2017","1490140800","4160216"
"3/23/2017","1490227200","4204180"
"3/24/2017","1490313600","4227395"
"3/25/2017","1490400000","4148208"
"3/26/2017","1490486400","4055066"
"3/27/2017","1490572800","4067603"
"3/28/2017","1490659200","4076318"
"3/29/2017","1490745600","4209754"
"3/30/2017","1490832000","4194903"
"3/31/2017","1490918400","4186445"
"4/1/2017","1491004800","4222081"
"4/2/2017","1491091200","4251363"
"4/3/2017","1491177600","4275871"
"4/4/2017","1491264000","4177144"
"4/5/2017","1491350400","4172167"
"4/6/2017","1491436800","4147633"
"4/7/2017","1491523200","4199878"
"4/8/2017","1491609600","4167174"
"4/9/2017","1491696000","4081472"
"4/10/2017","1491782400","4122521"
"4/11/2017","1491868800","4058937"
"4/12/2017","1491955200","4054299"
"4/13/2017","1492041600","4042837"
"4/14/2017","1492128000","4060714"
"4/15/2017","1492214400","4085220"
"4/16/2017","1492300800","4064064"
"4/17/2017","1492387200","4052528"
"4/18/2017","1492473600","4176945"
"4/19/2017","1492560000","4090202"
"4/20/2017","1492646400","4094391"
"4/21/2017","1492732800","4203564"
"4/22/2017","1492819200","4242704"
"4/23/2017","1492905600","4236509"
"4/24/2017","1492992000","4262866"
"4/25/2017","1493078400","4281190"
"4/26/2017","1493164800","4286926"
"4/27/2017","1493251200","4281196"
"4/28/2017","1493337600","4291332"
"4/29/2017","1493424000","4286304"
"4/30/2017","1493510400","4285640"
"5/1/2017","1493596800","4289999"
"5/2/2017","1493683200","4288820"
"5/3/2017","1493769600","4288653"
"5/4/2017","1493856000","4285326"
"5/5/2017","1493942400","4287636"
"5/6/2017","1494028800","4289623"
"5/7/2017","1494115200","4299139"
"5/8/2017","1494201600","4297193"
"5/9/2017","1494288000","4298025"
"5/10/2017","1494374400","4300551"
"5/11/2017","1494460800","4298185"
"5/12/2017","1494547200","4300839"
"5/13/2017","1494633600","4303966"
"5/14/2017","1494720000","4301829"
"5/15/2017","1494806400","4300418"
"5/16/2017","1494892800","4306289"
"5/17/2017","1494979200","4311905"
"5/18/2017","1495065600","4305758"
"5/19/2017","1495152000","4312190"
"5/20/2017","1495238400","4304681"
"5/21/2017","1495324800","4308439"
"5/22/2017","1495411200","4308849"
"5/23/2017","1495497600","4312520"
"5/24/2017","1495584000","4317916"
"5/25/2017","1495670400","4311181"
"5/26/2017","1495756800","4311949"
"5/27/2017","1495843200","4309863"
"5/28/2017","1495929600","4311272"
"5/29/2017","1496016000","4310470"
"5/30/2017","1496102400","4369809"
"5/31/2017","1496188800","4307816"
"6/1/2017","1496275200","4310276"
"6/2/2017","1496361600","4479219"
"6/3/2017","1496448000","4684698"
"6/4/2017","1496534400","4697427"
"6/5/2017","1496620800","4695961"
"6/6/2017","1496707200","4698863"
"6/7/2017","1496793600","4699189"
"6/8/2017","1496880000","4698879"
"6/9/2017","1496966400","4699464"
"6/10/2017","1497052800","4695663"
"6/11/2017","1497139200","4699049"
"6/12/2017","1497225600","4690819"
"6/13/2017","1497312000","4694798"
"6/14/2017","1497398400","4705729"
"6/15/2017","1497484800","4707132"
"6/16/2017","1497571200","4705482"
"6/17/2017","1497657600","4706759"
"6/18/2017","1497744000","4707117"
"6/19/2017","1497830400","4707483"
"6/20/2017","1497916800","4708118"
"6/21/2017","1498003200","4710146"
"6/22/2017","1498089600","4711355"
"6/23/2017","1498176000","4711232"
"6/24/2017","1498262400","4711131"
"6/25/2017","1498348800","4710925"
"6/26/2017","1498435200","4711354"
"6/27/2017","1498521600","4711731"
"6/28/2017","1498608000","4714751"
"6/29/2017","1498694400","5348530"
"6/30/2017","1498780800","6700851"
"7/1/2017","1498867200","6705064"
"7/2/2017","1498953600","6705848"
"7/3/2017","1499040000","6706724"
"7/4/2017","1499126400","6705980"
"7/5/2017","1499212800","6704885"
"7/6/2017","1499299200","6704387"
"7/7/2017","1499385600","6705034"
"7/8/2017","1499472000","6708736"
"7/9/2017","1499558400","6718282"
"7/10/2017","1499644800","6716413"
"7/11/2017","1499731200","6719173"
"7/12/2017","1499817600","6718363"
"7/13/2017","1499904000","6717910"
"7/14/2017","1499990400","6716113"
"7/15/2017","1500076800","6716173"
"7/16/2017","1500163200","6716029"
"7/17/2017","1500249600","6718321"
"7/18/2017","1500336000","6717085"
"7/19/2017","1500422400","6720068"
"7/20/2017","1500508800","6719188"
"7/21/2017","1500595200","6716253"
"7/22/2017","1500681600","6715453"
"7/23/2017","1500768000","6718064"
"7/24/2017","1500854400","6719529"
"7/25/2017","1500940800","6717047"
"7/26/2017","1501027200","6717215"
"7/27/2017","1501113600","6719491"
"7/28/2017","1501200000","6716225"
"7/29/2017","1501286400","6716620"
"7/30/2017","1501372800","6715754"
"7/31/2017","1501459200","6716796"
"8/1/2017","1501545600","6716626"
"8/2/2017","1501632000","6717179"
"8/3/2017","1501718400","6716926"
"8/4/2017","1501804800","6715427"
"8/5/2017","1501891200","6717059"
"8/6/2017","1501977600","6718368"
"8/7/2017","1502064000","6714909"
"8/8/2017","1502150400","6716451"
"8/9/2017","1502236800","6715690"
"8/10/2017","1502323200","6718003"
"8/11/2017","1502409600","6717068"
"8/12/2017","1502496000","6720718"
"8/13/2017","1502582400","6720021"
"8/14/2017","1502668800","6720094"
"8/15/2017","1502755200","6721524"
"8/16/2017","1502841600","6722669"
"8/17/2017","1502928000","6718785"
"8/18/2017","1503014400","6714227"
"8/19/2017","1503100800","6711012"
"8/20/2017","1503187200","6709809"
"8/21/2017","1503273600","6711475"
"8/22/2017","1503360000","6708686"
"8/23/2017","1503446400","6710940"
"8/24/2017","1503532800","6712606"
"8/25/2017","1503619200","6712044"
"8/26/2017","1503705600","6714048"
"8/27/2017","1503792000","6714308"
"8/28/2017","1503878400","6714858"
"8/29/2017","1503964800","6720141"
"8/30/2017","1504051200","6715003"
"8/31/2017","1504137600","6715657"
"9/1/2017","1504224000","6718999"
"9/2/2017","1504310400","6716871"
"9/3/2017","1504396800","6713503"
"9/4/2017","1504483200","6717796"
"9/5/2017","1504569600","6718965"
"9/6/2017","1504656000","6720505"
"9/7/2017","1504742400","6715732"
"9/8/2017","1504828800","6719904"
"9/9/2017","1504915200","6716947"
"9/10/2017","1505001600","6715625"
"9/11/2017","1505088000","6714227"
"9/12/2017","1505174400","6714220"
"9/13/2017","1505260800","6715468"
"9/14/2017","1505347200","6715044"
"9/15/2017","1505433600","6717105"
"9/16/2017","1505520000","6717637"
"9/17/2017","1505606400","6716056"
"9/18/2017","1505692800","6718339"
"9/19/2017","1505779200","6717099"
"9/20/2017","1505865600","6715542"
"9/21/2017","1505952000","6717385"
"9/22/2017","1506038400","6716774"
"9/23/2017","1506124800","6713163"
"9/24/2017","1506211200","6715000"
"9/25/2017","1506297600","6715944"
"9/26/2017","1506384000","6716846"
"9/27/2017","1506470400","6716780"
"9/28/2017","1506556800","6716179"
"9/29/2017","1506643200","6715709"
"9/30/2017","1506729600","6717220"
"10/1/2017","1506816000","6717855"
"10/2/2017","1506902400","6718652"
"10/3/2017","1506988800","6718978"
"10/4/2017","1507075200","6715126"
"10/5/2017","1507161600","6714835"
"10/6/2017","1507248000","6717054"
"10/7/2017","1507334400","6714406"
"10/8/2017","1507420800","6717153"
"10/9/2017","1507507200","6719400"
"10/10/2017","1507593600","6714505"
"10/11/2017","1507680000","6715640"
"10/12/2017","1507766400","6714754"
"10/13/2017","1507852800","6718163"
"10/14/2017","1507939200","6717269"
"10/15/2017","1508025600","6714419"
"10/16/2017","1508112000","6716404"
"10/17/2017","1508198400","6716565"
"10/18/2017","1508284800","6716945"
"10/19/2017","1508371200","6716823"
"10/20/2017","1508457600","6715665"
"10/21/2017","1508544000","6716829"
"10/22/2017","1508630400","6717027"
"10/23/2017","1508716800","6713991"
"10/24/2017","1508803200","6716623"
"10/25/2017","1508889600","6716677"
"10/26/2017","1508976000","6716410"
"10/27/2017","1509062400","6716447"
"10/28/2017","1509148800","6717997"
"10/29/2017","1509235200","6719600"
"10/30/2017","1509321600","6717222"
"10/31/2017","1509408000","6719731"
"11/1/2017","1509494400","6718288"
"11/2/2017","1509580800","6714869"
"11/3/2017","1509667200","6716000"
"11/4/2017","1509753600","6714627"
"11/5/2017","1509840000","6713173"
"11/6/2017","1509926400","6714082"
"11/7/2017","1510012800","6712817"
"11/8/2017","1510099200","6713955"
"11/9/2017","1510185600","6718203"
"11/10/2017","1510272000","6715532"
"11/11/2017","1510358400","6714315"
"11/12/2017","1510444800","6712808"
"11/13/2017","1510531200","6714950"
"11/14/2017","1510617600","6714816"
"11/15/2017","1510704000","6714993"
"11/16/2017","1510790400","6714876"
"11/17/2017","1510876800","6715914"
"11/18/2017","1510963200","6715508"
"11/19/2017","1511049600","6714834"
"11/20/2017","1511136000","6713109"
"11/21/2017","1511222400","6715338"
"11/22/2017","1511308800","6716259"
"11/23/2017","1511395200","6715977"
"11/24/2017","1511481600","6713855"
"11/25/2017","1511568000","6717095"
"11/26/2017","1511654400","6715381"
"11/27/2017","1511740800","6717512"
"11/28/2017","1511827200","6717145"
"11/29/2017","1511913600","6716943"
"11/30/2017","1512000000","6716861"
"12/1/2017","1512086400","6718817"
"12/2/2017","1512172800","6720306"
"12/3/2017","1512259200","6721650"
"12/4/2017","1512345600","6722294"
"12/5/2017","1512432000","6726859"
"12/6/2017","1512518400","6722801"
"12/7/2017","1512604800","6730260"
"12/8/2017","1512691200","6735817"
"12/9/2017","1512777600","6777454"
"12/10/2017","1512864000","7555518"
"12/11/2017","1512950400","7799361"
"12/12/2017","1513036800","7906762"
"12/13/2017","1513123200","7995336"
"12/14/2017","1513209600","7995365"
"12/15/2017","1513296000","7995378"
"12/16/2017","1513382400","7996145"
"12/17/2017","1513468800","7995227"
"12/18/2017","1513555200","7996603"
"12/19/2017","1513641600","7995859"
"12/20/2017","1513728000","7996312"
"12/21/2017","1513814400","7997245"
"12/22/2017","1513900800","7995981"
"12/23/2017","1513987200","7995367"
"12/24/2017","1514073600","7995468"
"12/25/2017","1514160000","7995920"
"12/26/2017","1514246400","7996823"
"12/27/2017","1514332800","7996690"
"12/28/2017","1514419200","7996541"
"12/29/2017","1514505600","7996704"
"12/30/2017","1514592000","7996467"
"12/31/2017","1514678400","7996646"
"1/1/2018","1514764800","7996099"
"1/2/2018","1514851200","7996534"
"1/3/2018","1514937600","7997271"
"1/4/2018","1515024000","7998221"
"1/5/2018","1515110400","7997843"
"1/6/2018","1515196800","7998194"
"1/7/2018","1515283200","7998061"
"1/8/2018","1515369600","7998440"
"1/9/2018","1515456000","7998237"
"1/10/2018","1515542400","7998394"
"1/11/2018","1515628800","7998324"
"1/12/2018","1515715200","7998442"
"1/13/2018","1515801600","7998694"
"1/14/2018","1515888000","7998479"
"1/15/2018","1515974400","7999213"
"1/16/2018","1516060800","7998961"
"1/17/2018","1516147200","7998965"
"1/18/2018","1516233600","7999398"
"1/19/2018","1516320000","7998880"
"1/20/2018","1516406400","7998943"
"1/21/2018","1516492800","7998945"
"1/22/2018","1516579200","7998628"
"1/23/2018","1516665600","7998364"
"1/24/2018","1516752000","7998790"
"1/25/2018","1516838400","7998366"
"1/26/2018","1516924800","7998293"
"1/27/2018","1517011200","7998084"
"1/28/2018","1517097600","7998118"
"1/29/2018","1517184000","7998334"
"1/30/2018","1517270400","7998034"
"1/31/2018","1517356800","7998107"
"2/1/2018","1517443200","7997985"
"2/2/2018","1517529600","7997566"
"2/3/2018","1517616000","7997718"
"2/4/2018","1517702400","7997955"
"2/5/2018","1517788800","7997493"
"2/6/2018","1517875200","7997730"
"2/7/2018","1517961600","7997852"
"2/8/2018","1518048000","7997334"
"2/9/2018","1518134400","7997095"
"2/10/2018","1518220800","7997319"
"2/11/2018","1518307200","7996376"
"2/12/2018","1518393600","7997134"
"2/13/2018","1518480000","7996573"
"2/14/2018","1518566400","7996785"
"2/15/2018","1518652800","7996112"
"2/16/2018","1518739200","7996526"
"2/17/2018","1518825600","7996281"
"2/18/2018","1518912000","7996018"
"2/19/2018","1518998400","7996493"
"2/20/2018","1519084800","7996977"
"2/21/2018","1519171200","7997205"
"2/22/2018","1519257600","7996379"
"2/23/2018","1519344000","7997181"
"2/24/2018","1519430400","7997429"
"2/25/2018","1519516800","7996610"
"2/26/2018","1519603200","7997155"
"2/27/2018","1519689600","7996273"
"2/28/2018","1519776000","7997168"
"3/1/2018","1519862400","7996704"
"3/2/2018","1519948800","7997108"
"3/3/2018","1520035200","7996663"
"3/4/2018","1520121600","7997235"
"3/5/2018","1520208000","7996637"
"3/6/2018","1520294400","7997133"
"3/7/2018","1520380800","7997476"
"3/8/2018","1520467200","7997092"
"3/9/2018","1520553600","7997539"
"3/10/2018","1520640000","7997158"
"3/11/2018","1520726400","7996944"
"3/12/2018","1520812800","7996625"
"3/13/2018","1520899200","7997047"
"3/14/2018","1520985600","7996306"
"3/15/2018","1521072000","7997122"
"3/16/2018","1521158400","7996821"
"3/17/2018","1521244800","7996541"
"3/18/2018","1521331200","7996742"
"3/19/2018","1521417600","7996874"
"3/20/2018","1521504000","7996569"
"3/21/2018","1521590400","7996538"
"3/22/2018","1521676800","7996860"
"3/23/2018","1521763200","7996364"
"3/24/2018","1521849600","7995834"
"3/25/2018","1521936000","7996187"
"3/26/2018","1522022400","7995999"
"3/27/2018","1522108800","7996119"
"3/28/2018","1522195200","7995329"
"3/29/2018","1522281600","7996294"
"3/30/2018","1522368000","7995868"
"3/31/2018","1522454400","7995317"
"4/1/2018","1522540800","7995829"
"4/2/2018","1522627200","7995427"
"4/3/2018","1522713600","7995928"
"4/4/2018","1522800000","7996559"
"4/5/2018","1522886400","7995770"
"4/6/2018","1522972800","7995448"
"4/7/2018","1523059200","7995610"
"4/8/2018","1523145600","7995932"
"4/9/2018","1523232000","7995328"
"4/10/2018","1523318400","7994995"
"4/11/2018","1523404800","7995464"
"4/12/2018","1523491200","7996310"
"4/13/2018","1523577600","7995802"
"4/14/2018","1523664000","7995440"
"4/15/2018","1523750400","7995513"
"4/16/2018","1523836800","7996201"
"4/17/2018","1523923200","7996298"
"4/18/2018","1524009600","7997089"
"4/19/2018","1524096000","7996634"
"4/20/2018","1524182400","7996506"
"4/21/2018","1524268800","7997111"
"4/22/2018","1524355200","7996738"
"4/23/2018","1524441600","7996422"
"4/24/2018","1524528000","7996819"
"4/25/2018","1524614400","7997113"
"4/26/2018","1524700800","7996732"
"4/27/2018","1524787200","7996686"
"4/28/2018","1524873600","7996023"
"4/29/2018","1524960000","7996692"
"4/30/2018","1525046400","7996668"
"5/1/2018","1525132800","7996009"
"5/2/2018","1525219200","7996979"
"5/3/2018","1525305600","7996969"
"5/4/2018","1525392000","7996916"
"5/5/2018","1525478400","7996943"
"5/6/2018","1525564800","7997255"
"5/7/2018","1525651200","7997160"
"5/8/2018","1525737600","7997317"
"5/9/2018","1525824000","7997121"
"5/10/2018","1525910400","7996727"
"5/11/2018","1525996800","7996362"
"5/12/2018","1526083200","7997006"
"5/13/2018","1526169600","7996329"
"5/14/2018","1526256000","7996682"
"5/15/2018","1526342400","7996907"
"5/16/2018","1526428800","7997338"
"5/17/2018","1526515200","7996974"
"5/18/2018","1526601600","7996450"
"5/19/2018","1526688000","7997353"
"5/20/2018","1526774400","7996626"
"5/21/2018","1526860800","7996622"
"5/22/2018","1526947200","7996602"
"5/23/2018","1527033600","7995546"
"5/24/2018","1527120000","7996180"
"5/25/2018","1527206400","7996846"
"5/26/2018","1527292800","7996987"
"5/27/2018","1527379200","7996710"
"5/28/2018","1527465600","7996001"
"5/29/2018","1527552000","7996905"
"5/30/2018","1527638400","7996867"
"5/31/2018","1527724800","7996404"
"6/1/2018","1527811200","7996119"
"6/2/2018","1527897600","7997320"
"6/3/2018","1527984000","7997154"
"6/4/2018","1528070400","7997105"
"6/5/2018","1528156800","7997666"
"6/6/2018","1528243200","7997676"
"6/7/2018","1528329600","7997423"
"6/8/2018","1528416000","7997661"
"6/9/2018","1528502400","7996230"
"6/10/2018","1528588800","7996849"
"6/11/2018","1528675200","7997541"
"6/12/2018","1528761600","7996828"
"6/13/2018","1528848000","7996692"
"6/14/2018","1528934400","7996220"
"6/15/2018","1529020800","7996483"
"6/16/2018","1529107200","7996562"
"6/17/2018","1529193600","7997123"
"6/18/2018","1529280000","7997124"
"6/19/2018","1529366400","7997373"
"6/20/2018","1529452800","7996842"
"6/21/2018","1529539200","7997573"
"6/22/2018","1529625600","7997058"
"6/23/2018","1529712000","7997115"
"6/24/2018","1529798400","7996853"
"6/25/2018","1529884800","7997459"
"6/26/2018","1529971200","7996631"
"6/27/2018","1530057600","7997355"
"6/28/2018","1530144000","7996957"
"6/29/2018","1530230400","7997361"
"6/30/2018","1530316800","7997418"
"7/1/2018","1530403200","7997780"
"7/2/2018","1530489600","7997320"
"7/3/2018","1530576000","7998027"
"7/4/2018","1530662400","7997570"
"7/5/2018","1530748800","7997598"
"7/6/2018","1530835200","7997355"
"7/7/2018","1530921600","7997489"
"7/8/2018","1531008000","7997465"
"7/9/2018","1531094400","7997465"
"7/10/2018","1531180800","7997848"
"7/11/2018","1531267200","7998137"
"7/12/2018","1531353600","7997820"
"7/13/2018","1531440000","7998220"
"7/14/2018","1531526400","7997630"
"7/15/2018","1531612800","7997870"
"7/16/2018","1531699200","7997219"
"7/17/2018","1531785600","7997955"
"7/18/2018","1531872000","7996824"
"7/19/2018","1531958400","7996822"
"7/20/2018","1532044800","7997656"
"7/21/2018","1532131200","7997780"
"7/22/2018","1532217600","7996800"
"7/23/2018","1532304000","7996724"
"7/24/2018","1532390400","7997333"
"7/25/2018","1532476800","7996782"
"7/26/2018","1532563200","7996385"
"7/27/2018","1532649600","7996352"
"7/28/2018","1532736000","7996641"
"7/29/2018","1532822400","7995682"
"7/30/2018","1532908800","7996260"
"7/31/2018","1532995200","7996680"
"8/1/2018","1533081600","7996702"
"8/2/2018","1533168000","7996659"
"8/3/2018","1533254400","7996273"
"8/4/2018","1533340800","7995954"
"8/5/2018","1533427200","7996383"
"8/6/2018","1533513600","7995701"
"8/7/2018","1533600000","7995768"
"8/8/2018","1533686400","7996479"
"8/9/2018","1533772800","7996647"
"8/10/2018","1533859200","7996322"
"8/11/2018","1533945600","7996986"
"8/12/2018","1534032000","7996219"
"8/13/2018","1534118400","7996188"
"8/14/2018","1534204800","7996481"
"8/15/2018","1534291200","7996219"
"8/16/2018","1534377600","7996791"
"8/17/2018","1534464000","7996633"
"8/18/2018","1534550400","7996678"
"8/19/2018","1534636800","7997021"
"8/20/2018","1534723200","7995770"
"8/21/2018","1534809600","7997251"
"8/22/2018","1534896000","7996919"
"8/23/2018","1534982400","7998467"
"8/24/2018","1535068800","7997139"
"8/25/2018","1535155200","7995897"
"8/26/2018","1535241600","7995696"
"8/27/2018","1535328000","7995063"
"8/28/2018","1535414400","7996190"
"8/29/2018","1535500800","7995415"
"8/30/2018","1535587200","7995762"
"8/31/2018","1535673600","7995719"
"9/1/2018","1535760000","7995875"
"9/2/2018","1535846400","7996522"
"9/3/2018","1535932800","7995329"
"9/4/2018","1536019200","7995502"
"9/5/2018","1536105600","7995536"
"9/6/2018","1536192000","7995882"
"9/7/2018","1536278400","7994901"
"9/8/2018","1536364800","7996008"
"9/9/2018","1536451200","7995247"
"9/10/2018","1536537600","7995466"
"9/11/2018","1536624000","7995854"
"9/12/2018","1536710400","7996023"
"9/13/2018","1536796800","7995284"
"9/14/2018","1536883200","7995760"
"9/15/2018","1536969600","7995227"
"9/16/2018","1537056000","7995881"
"9/17/2018","1537142400","7995346"
"9/18/2018","1537228800","7995512"
"9/19/2018","1537315200","7996790"
"9/20/2018","1537401600","7996844"
"9/21/2018","1537488000","7997094"
"9/22/2018","1537574400","7996365"
"9/23/2018","1537660800","7996326"
"9/24/2018","1537747200","7995473"
"9/25/2018","1537833600","7996188"
"9/26/2018","1537920000","7996248"
"9/27/2018","1538006400","7996095"
"9/28/2018","1538092800","7996049"
"9/29/2018","1538179200","7995408"
"9/30/2018","1538265600","7997727"
"10/1/2018","1538352000","8000304"
"10/2/2018","1538438400","8000268"
"10/3/2018","1538524800","8000206"
"10/4/2018","1538611200","8000262"
"10/5/2018","1538697600","8000366"
"10/6/2018","1538784000","8000313"
"10/7/2018","1538870400","8000233"
"10/8/2018","1538956800","8000291"
"10/9/2018","1539043200","8000331"
"10/10/2018","1539129600","8000193"
"10/11/2018","1539216000","8000173"
"10/12/2018","1539302400","8000288"
"10/13/2018","1539388800","8000141"
"10/14/2018","1539475200","8000221"
"10/15/2018","1539561600","8000229"
"10/16/2018","1539648000","8000296"
"10/17/2018","1539734400","8000191"
"10/18/2018","1539820800","8000246"
"10/19/2018","1539907200","8000253"
"10/20/2018","1539993600","8000220"
"10/21/2018","1540080000","8000266"
"10/22/2018","1540166400","8000248"
"10/23/2018","1540252800","8000290"
"10/24/2018","1540339200","8000266"
"10/25/2018","1540425600","8000306"
"10/26/2018","1540512000","8000235"
"10/27/2018","1540598400","8000232"
"10/28/2018","1540684800","8000151"
"10/29/2018","1540771200","8000154"
"10/30/2018","1540857600","8000150"
"10/31/2018","1540944000","8000160"
"11/1/2018","1541030400","8000202"
"11/2/2018","1541116800","8000229"
"11/3/2018","1541203200","8000084"
"11/4/2018","1541289600","8000123"
"11/5/2018","1541376000","8000216"
"11/6/2018","1541462400","8000158"
"11/7/2018","1541548800","8000139"
"11/8/2018","1541635200","8000232"
"11/9/2018","1541721600","8000160"
"11/10/2018","1541808000","8000141"
"11/11/2018","1541894400","8000155"
"11/12/2018","1541980800","8000097"
"11/13/2018","1542067200","8000119"
"11/14/2018","1542153600","8000153"
"11/15/2018","1542240000","8000199"
"11/16/2018","1542326400","8000148"
"11/17/2018","1542412800","8000118"
"11/18/2018","1542499200","8000163"
"11/19/2018","1542585600","8000310"
"11/20/2018","1542672000","8000199"
"11/21/2018","1542758400","8000042"
"11/22/2018","1542844800","7999960"
"11/23/2018","1542931200","7999983"
"11/24/2018","1543017600","7999973"
"11/25/2018","1543104000","7999944"
"11/26/2018","1543190400","8000024"
"11/27/2018","1543276800","8000094"
"11/28/2018","1543363200","8000078"
"11/29/2018","1543449600","8000035"
"11/30/2018","1543536000","8000146"
"12/1/2018","1543622400","7999944"
"12/2/2018","1543708800","8000046"
"12/3/2018","1543795200","7999964"
"12/4/2018","1543881600","7999924"
"12/5/2018","1543968000","8000116"
"12/6/2018","1544054400","7999957"
"12/7/2018","1544140800","8000058"
"12/8/2018","1544227200","8000138"
"12/9/2018","1544313600","8000217"
"12/10/2018","1544400000","8000053"
"12/11/2018","1544486400","8000105"
"12/12/2018","1544572800","8000550"
"12/13/2018","1544659200","8000505"
"12/14/2018","1544745600","8000732"
"12/15/2018","1544832000","8000820"
"12/16/2018","1544918400","8000992"
"12/17/2018","1545004800","8000556"
"12/18/2018","1545091200","8000772"
"12/19/2018","1545177600","8001436"
"12/20/2018","1545264000","8001443"
"12/21/2018","1545350400","8001385"
"12/22/2018","1545436800","8001373"
"12/23/2018","1545523200","8001504"
"12/24/2018","1545609600","8001123"
"12/25/2018","1545696000","8001073"
"12/26/2018","1545782400","8001123"
"12/27/2018","1545868800","8001150"
"12/28/2018","1545955200","8001304"
"12/29/2018","1546041600","8001208"
"12/30/2018","1546128000","8001066"
"12/31/2018","1546214400","8001276"
"1/1/2019","1546300800","8001158"
"1/2/2019","1546387200","8001079"
"1/3/2019","1546473600","8001115"
"1/4/2019","1546560000","8001140"
"1/5/2019","1546646400","8000991"
"1/6/2019","1546732800","8000995"
"1/7/2019","1546819200","8001132"
"1/8/2019","1546905600","8001204"
"1/9/2019","1546992000","8001283"
"1/10/2019","1547078400","8001229"
"1/11/2019","1547164800","8001187"
"1/12/2019","1547251200","8001065"
"1/13/2019","1547337600","8001179"
"1/14/2019","1547424000","8001170"
"1/15/2019","1547510400","8000887"
"1/16/2019","1547596800","8000843"
"1/17/2019","1547683200","8000821"
"1/18/2019","1547769600","8001004"
"1/19/2019","1547856000","8001008"
"1/20/2019","1547942400","8001304"
"1/21/2019","1548028800","8001274"
"1/22/2019","1548115200","8001144"
"1/23/2019","1548201600","8001029"
"1/24/2019","1548288000","8001118"
"1/25/2019","1548374400","8001115"
"1/26/2019","1548460800","8000897"
"1/27/2019","1548547200","8001001"
"1/28/2019","1548633600","8001024"
"1/29/2019","1548720000","8001111"
"1/30/2019","1548806400","8001210"
"1/31/2019","1548892800","8001156"
"2/1/2019","1548979200","8001360"
"2/2/2019","1549065600","8001269"
"2/3/2019","1549152000","8001164"
"2/4/2019","1549238400","8001218"
"2/5/2019","1549324800","8001176"
"2/6/2019","1549411200","8001322"
"2/7/2019","1549497600","8001263"
"2/8/2019","1549584000","8001377"
"2/9/2019","1549670400","8001139"
"2/10/2019","1549756800","8001145"
"2/11/2019","1549843200","8001168"
"2/12/2019","1549929600","8001034"
"2/13/2019","1550016000","8001092"
"2/14/2019","1550102400","8001481"
"2/15/2019","1550188800","8001147"
"2/16/2019","1550275200","8001206"
"2/17/2019","1550361600","8001298"
"2/18/2019","1550448000","8001130"
"2/19/2019","1550534400","8001406"
"2/20/2019","1550620800","8001347"
"2/21/2019","1550707200","8001243"
"2/22/2019","1550793600","8001252"
"2/23/2019","1550880000","8001223"
"2/24/2019","1550966400","8001394"
"2/25/2019","1551052800","8001148"
"2/26/2019","1551139200","8001364"
"2/27/2019","1551225600","8001071"
"2/28/2019","1551312000","8001137"
"3/1/2019","1551398400","8001373"
"3/2/2019","1551484800","8001398"
"3/3/2019","1551571200","8001273"
"3/4/2019","1551657600","8001294"
"3/5/2019","1551744000","8001222"
"3/6/2019","1551830400","8001247"
"3/7/2019","1551916800","8001359"
"3/8/2019","1552003200","8001246"
"3/9/2019","1552089600","8001071"
"3/10/2019","1552176000","8001133"
"3/11/2019","1552262400","8001107"
"3/12/2019","1552348800","8001194"
"3/13/2019","1552435200","8001166"
"3/14/2019","1552521600","8001235"
"3/15/2019","1552608000","8001118"
"3/16/2019","1552694400","8001218"
"3/17/2019","1552780800","8001131"
"3/18/2019","1552867200","8001047"
"3/19/2019","1552953600","8001102"
"3/20/2019","1553040000","8001058"
"3/21/2019","1553126400","8001067"
"3/22/2019","1553212800","8001195"
"3/23/2019","1553299200","8001069"
"3/24/2019","1553385600","8001187"
"3/25/2019","1553472000","8001285"
"3/26/2019","1553558400","8001255"
"3/27/2019","1553644800","8001222"
"3/28/2019","1553731200","8001212"
"3/29/2019","1553817600","8001273"
"3/30/2019","1553904000","8001129"
"3/31/2019","1553990400","8001138"
"4/1/2019","1554076800","8001265"
"4/2/2019","1554163200","8001317"
"4/3/2019","1554249600","8001210"
"4/4/2019","1554336000","8001402"
"4/5/2019","1554422400","8001392"
"4/6/2019","1554508800","8001304"
"4/7/2019","1554595200","8001095"
"4/8/2019","1554681600","8001018"
"4/9/2019","1554768000","8001024"
"4/10/2019","1554854400","8001129"
"4/11/2019","1554940800","8001080"
"4/12/2019","1555027200","8001343"
"4/13/2019","1555113600","8001506"
"4/14/2019","1555200000","8001093"
"4/15/2019","1555286400","8001238"
"4/16/2019","1555372800","8001304"
"4/17/2019","1555459200","8001388"
"4/18/2019","1555545600","8001399"
"4/19/2019","1555632000","8001303"
"4/20/2019","1555718400","8001231"
"4/21/2019","1555804800","8001099"
"4/22/2019","1555891200","8001219"
"4/23/2019","1555977600","8001352"
"4/24/2019","1556064000","8001144"
"4/25/2019","1556150400","8001331"
"4/26/2019","1556236800","8001357"
"4/27/2019","1556323200","8001238"
"4/28/2019","1556409600","8001322"
"4/29/2019","1556496000","8001343"
"4/30/2019","1556582400","8001293"
"5/1/2019","1556668800","8001551"
"5/2/2019","1556755200","8001173"
"5/3/2019","1556841600","8001352"
"5/4/2019","1556928000","8001319"
"5/5/2019","1557014400","8001456"
"5/6/2019","1557100800","8001411"
"5/7/2019","1557187200","8001103"
"5/8/2019","1557273600","8001660"
"5/9/2019","1557360000","8001948"
"5/10/2019","1557446400","8002309"
"5/11/2019","1557532800","8003168"
"5/12/2019","1557619200","8003208"
"5/13/2019","1557705600","8003174"
"5/14/2019","1557792000","8003940"
"5/15/2019","1557878400","8003799"
"5/16/2019","1557964800","8003919"
"5/17/2019","1558051200","8003791"
"5/18/2019","1558137600","8003697"
"5/19/2019","1558224000","8003718"
"5/20/2019","1558310400","8003556"
"5/21/2019","1558396800","8003300"
"5/22/2019","1558483200","8003520"
"5/23/2019","1558569600","8003364"
"5/24/2019","1558656000","8003451"
"5/25/2019","1558742400","8002820"
"5/26/2019","1558828800","8002952"
"5/27/2019","1558915200","8003552"
"5/28/2019","1559001600","8003504"
"5/29/2019","1559088000","8003548"
"5/30/2019","1559174400","8003653"
"5/31/2019","1559260800","8003470"
"6/1/2019","1559347200","8003587"
"6/2/2019","1559433600","8003130"
"6/3/2019","1559520000","8003500"
"6/4/2019","1559606400","8003444"
"6/5/2019","1559692800","8003085"
"6/6/2019","1559779200","8003419"
"6/7/2019","1559865600","8003178"
"6/8/2019","1559952000","8003465"
"6/9/2019","1560038400","8003098"
"6/10/2019","1560124800","8003466"
"6/11/2019","1560211200","8003385"
"6/12/2019","1560297600","8003026"
"6/13/2019","1560384000","8003237"
"6/14/2019","1560470400","8003512"
"6/15/2019","1560556800","8003043"
"6/16/2019","1560643200","8003350"
"6/17/2019","1560729600","8003564"
"6/18/2019","1560816000","8003377"
"6/19/2019","1560902400","8003633"
"6/20/2019","1560988800","8003774"
"6/21/2019","1561075200","8003453"
"6/22/2019","1561161600","8003178"
"6/23/2019","1561248000","8002723"
"6/24/2019","1561334400","8003039"
"6/25/2019","1561420800","8004127"
"6/26/2019","1561507200","8003451"
"6/27/2019","1561593600","8003713"
"6/28/2019","1561680000","8003576"
"6/29/2019","1561766400","8003111"
"6/30/2019","1561852800","8003093"
"7/1/2019","1561939200","8003569"
"7/2/2019","1562025600","8003595"
"7/3/2019","1562112000","8002960"
"7/4/2019","1562198400","8003076"
"7/5/2019","1562284800","8003320"
"7/6/2019","1562371200","8003160"
"7/7/2019","1562457600","8002639"
"7/8/2019","1562544000","8003390"
"7/9/2019","1562630400","8003040"
"7/10/2019","1562716800","8002906"
"7/11/2019","1562803200","8003003"
"7/12/2019","1562889600","8002879"
"7/13/2019","1562976000","8002193"
"7/14/2019","1563062400","8002783"
"7/15/2019","1563148800","8003230"
"7/16/2019","1563235200","8003389"
"7/17/2019","1563321600","8003846"
"7/18/2019","1563408000","8003031"
"7/19/2019","1563494400","8003200"
"7/20/2019","1563580800","8002078"
"7/21/2019","1563667200","8002111"
"7/22/2019","1563753600","8002490"
"7/23/2019","1563840000","8002730"
"7/24/2019","1563926400","8003837"
"7/25/2019","1564012800","8003494"
"7/26/2019","1564099200","8003158"
"7/27/2019","1564185600","8002684"
"7/28/2019","1564272000","8002664"
"7/29/2019","1564358400","8002799"
"7/30/2019","1564444800","8003308"
"7/31/2019","1564531200","8002929"
"8/1/2019","1564617600","8003204"
"8/2/2019","1564704000","8003037"
"8/3/2019","1564790400","8003329"
"8/4/2019","1564876800","8002497"
"8/5/2019","1564963200","8003229"
"8/6/2019","1565049600","8003226"
"8/7/2019","1565136000","8003430"
"8/8/2019","1565222400","8002988"
"8/9/2019","1565308800","8003036"
"8/10/2019","1565395200","8002710"
"8/11/2019","1565481600","8002795"
"8/12/2019","1565568000","8003131"
"8/13/2019","1565654400","8003060"
"8/14/2019","1565740800","8003024"
"8/15/2019","1565827200","8003282"
"8/16/2019","1565913600","8003394"
"8/17/2019","1566000000","8003453"
"8/18/2019","1566086400","8002995"
"8/19/2019","1566172800","8004217"
"8/20/2019","1566259200","8003298"
"8/21/2019","1566345600","8003379"
"8/22/2019","1566432000","8002771"
"8/23/2019","1566518400","8002974"
"8/24/2019","1566604800","8003006"
"8/25/2019","1566691200","8002824"
"8/26/2019","1566777600","8003100"
"8/27/2019","1566864000","8002961"
"8/28/2019","1566950400","8003192"
"8/29/2019","1567036800","8003133"
"8/30/2019","1567123200","8003358"
"8/31/2019","1567209600","8003313"
"9/1/2019","1567296000","8003142"
"9/2/2019","1567382400","8003528"
"9/3/2019","1567468800","8003288"
"9/4/2019","1567555200","8003518"
"9/5/2019","1567641600","8003433"
"9/6/2019","1567728000","8002570"
"9/7/2019","1567814400","8003034"
"9/8/2019","1567900800","8002612"
"9/9/2019","1567987200","8002646"
"9/10/2019","1568073600","8002791"
"9/11/2019","1568160000","8003203"
"9/12/2019","1568246400","8003047"
"9/13/2019","1568332800","8003727"
"9/14/2019","1568419200","8017619"
"9/15/2019","1568505600","8122318"
"9/16/2019","1568592000","8202700"
"9/17/2019","1568678400","8471791"
"9/18/2019","1568764800","8463029"
"9/19/2019","1568851200","9191155"
"9/20/2019","1568937600","9957030"
"9/21/2019","1569024000","9962924"
"9/22/2019","1569110400","9960483"
"9/23/2019","1569196800","9959699"
"9/24/2019","1569283200","9954207"
"9/25/2019","1569369600","9952552"
"9/26/2019","1569456000","9967568"
"9/27/2019","1569542400","9975758"
"9/28/2019","1569628800","9980240"
"9/29/2019","1569715200","9977252"
"9/30/2019","1569801600","9976323"
"10/1/2019","1569888000","9952421"
"10/2/2019","1569974400","9931133"
"10/3/2019","1570060800","9936579"
"10/4/2019","1570147200","9825027"
"10/5/2019","1570233600","9321550"
"10/6/2019","1570320000","9612017"
"10/7/2019","1570406400","9712671"
"10/8/2019","1570492800","9817209"
"10/9/2019","1570579200","9946088"
"10/10/2019","1570665600","9939459"
"10/11/2019","1570752000","9867166"
"10/12/2019","1570838400","9826023"
"10/13/2019","1570924800","8846460"
"10/14/2019","1571011200","9617262"
"10/15/2019","1571097600","9892661"
"10/16/2019","1571184000","9826959"
"10/17/2019","1571270400","9777044"
"10/18/2019","1571356800","9893881"
"10/19/2019","1571443200","9887149"
"10/20/2019","1571529600","9836013"
"10/21/2019","1571616000","9826170"
"10/22/2019","1571702400","9885005"
"10/23/2019","1571788800","9956244"
"10/24/2019","1571875200","9969355"
"10/25/2019","1571961600","9935455"
"10/26/2019","1572048000","9912731"
"10/27/2019","1572134400","9665646"
"10/28/2019","1572220800","9953595"
"10/29/2019","1572307200","9955847"
"10/30/2019","1572393600","9955397"
"10/31/2019","1572480000","9913508"
"11/1/2019","1572566400","9915013"
"11/2/2019","1572652800","9876316"
"11/3/2019","1572739200","9853553"
"11/4/2019","1572825600","9939762"
"11/5/2019","1572912000","9915646"
"11/6/2019","1572998400","9893167"
"11/7/2019","1573084800","9935907"
"11/8/2019","1573171200","9940761"
"11/9/2019","1573257600","9955121"
"11/10/2019","1573344000","9940567"
"11/11/2019","1573430400","9967074"
"11/12/2019","1573516800","9962213"
"11/13/2019","1573603200","9962113"
"11/14/2019","1573689600","9958761"
"11/15/2019","1573776000","9968196"
"11/16/2019","1573862400","9959163"
"11/17/2019","1573948800","9954653"
"11/18/2019","1574035200","9970883"
"11/19/2019","1574121600","9965885"
"11/20/2019","1574208000","9950368"
"11/21/2019","1574294400","9970250"
"11/22/2019","1574380800","9972747"
"11/23/2019","1574467200","9863660"
"11/24/2019","1574553600","9851639"
"11/25/2019","1574640000","9979329"
"11/26/2019","1574726400","9981243"
"11/27/2019","1574812800","9979986"
"11/28/2019","1574899200","9978965"
"11/29/2019","1574985600","9972343"
"11/30/2019","1575072000","9974515"
"12/1/2019","1575158400","9964930"
"12/2/2019","1575244800","9929661"
"12/3/2019","1575331200","9833910"
"12/4/2019","1575417600","9970118"
"12/5/2019","1575504000","9335447"
"12/6/2019","1575590400","8024332"
"12/7/2019","1575676800","8109344"
"12/8/2019","1575763200","9868729"
"12/9/2019","1575849600","9967423"
"12/10/2019","1575936000","9967045"
"12/11/2019","1576022400","9969711"
"12/12/2019","1576108800","9974938"
"12/13/2019","1576195200","9974043"
"12/14/2019","1576281600","9964759"
"12/15/2019","1576368000","9956675"
"12/16/2019","1576454400","9975691"
"12/17/2019","1576540800","9973607"
"12/18/2019","1576627200","9974464"
"12/19/2019","1576713600","9979386"
"12/20/2019","1576800000","9981669"
"12/21/2019","1576886400","9968350"
"12/22/2019","1576972800","9971939"
"12/23/2019","1577059200","9971866"
"12/24/2019","1577145600","9963459"
"12/25/2019","1577232000","9964491"
"12/26/2019","1577318400","9976143"
"12/27/2019","1577404800","9969250"
"12/28/2019","1577491200","9935992"
"12/29/2019","1577577600","9918076"
"12/30/2019","1577664000","9960426"
"12/31/2019","1577750400","9965661"
"1/1/2020","1577836800","9950157"
"1/2/2020","1577923200","9882420"
"1/3/2020","1578009600","9890691"
"1/4/2020","1578096000","9836172"
"1/5/2020","1578182400","9850572"
"1/6/2020","1578268800","9882517"
"1/7/2020","1578355200","9932658"
"1/8/2020","1578441600","9907055"
"1/9/2020","1578528000","9927885"
"1/10/2020","1578614400","9828918"
"1/11/2020","1578700800","9778596"
"1/12/2020","1578787200","9488819"
"1/13/2020","1578873600","9802048"
"1/14/2020","1578960000","9858865"
"1/15/2020","1579046400","9970190"
"1/16/2020","1579132800","9956723"
"1/17/2020","1579219200","9941135"
"1/18/2020","1579305600","9901446"
"1/19/2020","1579392000","9906843"
"1/20/2020","1579478400","9661058"
"1/21/2020","1579564800","9121042"
"1/22/2020","1579651200","9863470"
"1/23/2020","1579737600","9459344"
"1/24/2020","1579824000","9936396"
"1/25/2020","1579910400","9756422"
"1/26/2020","1579996800","9808373"
"1/27/2020","1580083200","9761536"
"1/28/2020","1580169600","9951316"
"1/29/2020","1580256000","9946217"
